{
    "identityPoolName": "abpmanchui5db387ca_identitypool_5db387ca",
    "allowUnauthenticatedIdentities": false,
    "lambdaLogPolicy": "abpman_5db387ca_lambda_log_policy",
    "openIdLambdaRoleName": "abpman_5db387ca_openid_lambda_role",
    "openIdRolePolicy": "abpman_5db387ca_openid_pass_role_policy",
    "openIdLambdaIAMPolicy": "abpman_5db387ca_openid_lambda_iam_policy",
    "openIdLogPolicy": "abpman_5db387ca_openid_lambda_log_policy",
    "userPoolName": "abpmanchui5db387ca_userpool_5db387ca",
    "autoVerifiedAttributes": [
        "email"
    ],
    "mfaConfiguration": "OFF",
    "mfaTypes": [
        "SMS Text Message"
    ],
    "roleName": "abpman5db387ca_sns-role",
    "roleExternalId": "abpman5db387ca_role_external_id",
    "policyName": "abpman5db387ca-sns-policy",
    "smsAuthenticationMessage": "Your authentication code is {####}",
    "smsVerificationMessage": "Your verification code is {####}",
    "emailVerificationSubject": "Your verification code",
    "emailVerificationMessage": "Your verification code is {####}",
    "defaultPasswordPolicy": false,
    "passwordPolicyMinLength": 8,
    "passwordPolicyCharacters": [],
    "requiredAttributes": [
        "email"
    ],
    "userpoolClientName": "abpman5db387ca_app_client",
    "userpoolClientGenerateSecret": true,
    "userpoolClientRefreshTokenValidity": 30,
    "userpoolClientWriteAttributes": [
        "email"
    ],
    "userpoolClientReadAttributes": [
        "email"
    ],
    "mfaLambdaRole": "abpman5db387ca_totp_lambda_role",
    "mfaLambdaLogPolicy": "abpman5db387ca_totp_lambda_log_policy",
    "mfaPassRolePolicy": "abpman5db387ca_totp_pass_role_policy",
    "mfaLambdaIAMPolicy": "abpman5db387ca_totp_lambda_iam_policy",
    "userpoolClientLambdaRole": "abpman5db387ca_userpoolclient_lambda_role",
    "userpoolClientLogPolicy": "abpman5db387ca_userpoolclient_lambda_log_policy",
    "userpoolClientLambdaPolicy": "abpman5db387ca_userpoolclient_lambda_iam_policy",
    "userpoolClientSetAttributes": false,
    "resourceName": "abpmanchui5db387ca",
    "authSelections": "identityPoolAndUserPool",
    "authRoleName": {
        "Ref": "AuthRoleName"
    },
    "unauthRoleName": {
        "Ref": "UnauthRoleName"
    },
    "authRoleArn": {
        "Fn::GetAtt": [
            "AuthRole",
            "Arn"
        ]
    },
    "unauthRoleArn": {
        "Fn::GetAtt": [
            "UnauthRole",
            "Arn"
        ]
    },
    "useDefault": "defaultSocial",
    "hostedUI": true,
    "usernameAttributes": [
        "email"
    ],
    "hostedUIDomainName": "abpmanch9912",
    "authProvidersUserPool": [
        "Facebook"
    ],
    "hostedUIProviderMeta": "[{\"ProviderName\":\"Facebook\",\"authorize_scopes\":\"email,public_profile\",\"AttributeMapping\":{\"email\":\"email\",\"username\":\"id\"}}]",
    "oAuthMetadata": "{\"AllowedOAuthFlows\":[\"code\"],\"AllowedOAuthScopes\":[\"phone\",\"email\",\"openid\",\"profile\",\"aws.cognito.signin.user.admin\"],\"CallbackURLs\":[\"http://localhost:4200/login/\",\"https://www.abpmanch.com/login/\"],\"LogoutURLs\":[\"http://localhost:4200/login/\",\"https://wwww.abpmanch.com/login/\"]}"
}