{
	"providers": {
		"awscloudformation": {
			"AuthRoleName": "abp-manch-ui-production-20190603104240-authRole",
			"UnauthRoleArn": "arn:aws:iam::848426169251:role/abp-manch-ui-production-20190603104240-unauthRole",
			"AuthRoleArn": "arn:aws:iam::848426169251:role/abp-manch-ui-production-20190603104240-authRole",
			"Region": "ap-south-1",
			"DeploymentBucketName": "abp-manch-ui-production-20190603104240-deployment",
			"UnauthRoleName": "abp-manch-ui-production-20190603104240-unauthRole",
			"StackName": "abp-manch-ui-production-20190603104240",
			"StackId": "arn:aws:cloudformation:ap-south-1:848426169251:stack/abp-manch-ui-production-20190603104240/36eea240-85be-11e9-8582-0aa04a3dbfd0"
		}
	},
	"auth": {
		"abpmanchui5db387ca": {
			"service": "Cognito",
			"providerPlugin": "awscloudformation",
			"providerMetadata": {
				"s3TemplateURL": "https://s3.amazonaws.com/abp-manch-ui-production-20190603104240-deployment/amplify-cfn-templates/auth/abpmanchui5db387ca-cloudformation-template.yml",
				"logicalId": "authabpmanchui5db387ca"
			},
			"lastPushTimeStamp": "2019-06-03T05:24:00.975Z",
			"output": {
				"AppClientSecret": "ti7uf6h7t0aq00fiv15m1hbb7pbc4gf7upr9bgdtknce66n72ie",
				"UserPoolId": "ap-south-1_EwdaAEkjP",
				"AppClientIDWeb": "l257nimbk2ke2c4jpj0im8g8l",
				"AppClientID": "428a0gudlgo3nvglqp2r2nci4k",
				"HostedUIDomain": "abpmanch9912-production",
				"IdentityPoolId": "ap-south-1:ed6cb939-f9d8-4a36-827e-ec2802cb8e52",
				"IdentityPoolName": "abpmanchui5db387ca_identitypool_5db387ca__production",
				"OAuthMetadata": "{\"AllowedOAuthFlows\":[\"code\"],\"AllowedOAuthScopes\":[\"phone\",\"email\",\"openid\",\"profile\",\"aws.cognito.signin.user.admin\"],\"CallbackURLs\":[\"http://localhost:4200/login/\",\"https://www.abpmanch.com/login/\"],\"LogoutURLs\":[\"http://localhost:4200/login/\",\"https://wwww.abpmanch.com/login/\"]}",
				"UserPoolName": "abpmanchui5db387ca_userpool_5db387ca"
			},
			"lastPushDirHash": "OhCAmBLt2ddmNcORvCdG5+4O2Is="
		}
	}
}